Store Name,Zip,Last updated
Jewel - Osco,60620,6/3/2020 17:00
Farm on Ogden,60623,6/10/2020 0:00
Jewel - Osco,60640,6/3/2020 17:00
International Foods NW,60639,6/10/2020 0:00
Jewel - Osco,60639,6/3/2020 17:00
Mariano's Fresh Market,60661,
Mariano's Fresh Market,60608,6/5/2020 13:21
Aldi,60619,6/5/2020 13:21
Food 4 Less,60636,6/5/2020 13:21
Whole Foods Market,60661,6/4/2020 15:00
Ted's Fresh Market,60645,6/4/2020 15:00
Aldi,60639,6/10/2020 0:00
Foodsmart,60647,6/4/2020 15:00
Shop & Save Market,60646,6/4/2020 15:00
La Cienega Super Food,60617,6/10/2020 0:00
Chicago Produce,60625,6/4/2020 15:00
Paulina Super Market,60626,6/5/2020 13:21
Save A Lot,60639,6/5/2020 13:21
Food 4 Less,60620,6/5/2020 13:21
Fresh Marketplace,60647,6/4/2020 15:00
Aldi,60639,6/4/2020 15:00
Pete's Fresh Market,60632,6/4/2020 15:00
Walmart Neighborhood Market,60639,6/4/2020 15:00
Fresh Marketplace,60647,6/4/2020 15:00
Aldi,60608,6/4/2020 15:00
Costco,60622,6/10/2020 0:00
Target,60626,6/10/2020 0:00
Morse Fresh Market,60649,6/10/2020 0:00
Local Market,60610,6/5/2020 13:21
Target,60630,
Aldi,60618,6/4/2020 15:00
Aldi,60640,6/10/2020 0:00
Old World Market,60607,6/3/2020 17:00
Jewel - Osco,60616,6/10/2020 0:00
Park to Shop Supermarket Canal,60657,6/3/2020 17:00
Jewel - Osco,60623,6/10/2020 0:00
La Merced,60637,6/5/2020 13:21
Aldi,60608,6/4/2020 15:00
Fairplay Neighborhood Market,60659,6/4/2020 15:00
Fresh Farms,60620,6/3/2020 17:00
Jewel - Osco,60609,6/5/2020 13:21
Aldi,60660,6/4/2020 15:00
Aldi,60614,6/5/2020 13:21
Carnival Grocery & Liquor,60639,6/5/2020 13:21
Food 4 Less,60646,6/4/2020 15:00
Whole Foods Market,60657,6/5/2020 13:21
Walmart,60626,6/10/2020 0:00
Target,60628,6/10/2020 0:00
Supermercado Chapala,60632,6/4/2020 15:00
Grocery Basket,60639,6/3/2020 21:30
Carniceria La Hacienda,60612,6/4/2020 15:00
Carniceria Jimenez,60626,6/5/2020 13:21
Pete's Fresh Market,60661,6/3/2020 17:00
Target,60613,6/10/2020 0:00
Jewel - Osco,60608,6/4/2020 15:00
Walmart,60619,6/5/2020 13:21
Trader Joe's,60603,6/5/2020 13:21
Cermak Produce,60639,6/4/2020 15:00
Aldi,60644,6/4/2020 15:00
Target,60626,6/10/2020 0:00
Fresh Marketplace,60643,6/4/2020 15:00
Mario's Butcher Shop,60620,6/5/2020 13:21
Super Mercado Roman,60617,6/5/2020 13:21
County Fair Foods,60637,6/5/2020 13:21
Aldi,60614,6/5/2020 13:21
Aldi,60640,6/3/2020 17:00
Save A Lot,60707,6/10/2020 0:00
Costco,60601,
Jewel - Osco,60619,6/10/2020 0:00
Farmer's Best Market,60610,6/5/2020 13:21
Bockwinkel's at McClurg,60609,6/4/2020 15:00
Food Town,60629,6/4/2020 15:00
Mariano's Fresh Market,60608,6/4/2020 15:00
Supermercado El Guero,60632,6/4/2020 15:00
Save A Lot,60622,6/3/2020 17:00
Pete's Fresh Market,60653,6/5/2020 13:21
Cermak Produce,60641,6/4/2020 15:00
Jewel - Osco,60601,
Mariano's Fresh Market,60618,6/5/2020 13:21
Tony's Finer Foods,60645,6/4/2020 15:00
Bockwinkel's Fresh Express,60621,6/4/2020 15:00
Target,60630,6/5/2020 13:21
Cermak Produce,60618,6/4/2020 15:00
Whole Foods Market,60623,6/4/2020 15:00
Mariano's Fresh Market,60707,6/10/2020 0:00
Aldi,60639,6/10/2020 0:00
Aldi,60607,6/5/2020 13:21
Gordon Food Service Store,60615,6/4/2020 15:00
Cermak Produce,60608,6/4/2020 15:00
Target,60639,6/4/2020 15:00
Whole Foods Market,60632,6/4/2020 15:00
Supermercado El Guero,,6/10/2020 0:00
Aldi,60620,6/10/2020 0:00
Supermercado El Guero,60623,6/4/2020 15:00
Walmart,60707,6/4/2020 15:00
Beverly Food Mart,60623,6/10/2020 0:00
Food Market La Chicquita,60625,6/4/2020 15:00
Aldi,60636,6/5/2020 13:21
Supermercado La Chiqutia,60657,6/5/2020 13:21
Tony's Finer Foods,60632,6/4/2020 15:00
Aldi,60643,6/3/2020 17:00
Mariano's Fresh Market,60613,6/3/2020 17:00
Pete's Fresh Market,60611,6/4/2020 15:00
Jewel - Osco,60624,6/4/2020 15:00
Jewel - Osco,60629,6/4/2020 15:00
Potash Markets,60661,6/10/2020 0:00
Aldi,60624,6/4/2020 15:00
Walmart,60610,6/3/2020 17:00
Carniceria La Hacienda,60629,6/4/2020 15:00
H Mart,60609,
Leamington Foods,60619,6/4/2020 15:00
Jewel - Osco,60642,6/4/2020 15:00
Jewel - Osco,60618,6/4/2020 15:00
Pete's Fresh Market,60608,6/4/2020 15:00
Food 4 Less,60640,
Pete's Produce,60616,6/10/2020 0:00
Whole Foods Market,60639,6/10/2020 0:00
Cermak Produce,60615,6/10/2020 0:00
La Casa Del Pueblo,60610,6/3/2020 17:00
Target,60625,6/10/2020 0:00
Park to Shop Supermarket,60640,6/5/2020 13:21
Morelia Supermarket,60615,6/5/2020 13:21
Hyde Park Produce,60640,6/5/2020 13:21
Jewel - Osco,60643,6/4/2020 15:00
Andy's Fruit Ranch,60617,6/4/2020 15:00
Mariano's Fresh Market,60634,6/4/2020 15:00
Target,60620,6/10/2020 0:00
Mariano's Fresh Market,60660,6/4/2020 15:00
Fairplay Neighborhood Market,60611,6/4/2020 15:00
Pete's Fresh Market,60605,6/10/2020 0:00
Tony's Finer Foods,60614,6/5/2020 13:21
Stumpy's Grocery & Deli,60618,6/4/2020 15:00
Devon Market,60608,6/10/2020 0:00
Whole Foods Market,60629,6/5/2020 13:21
Target,60640,6/10/2020 0:00
Mariano's Fresh Market,60647,6/10/2020 0:00
Tony's Finer Foods,60632,6/10/2020 0:00
Los Cuatro Hermanos Grocery,60651,
Target,60641,6/3/2020 17:00
Park to Shop Supermarket Broadway,60618,6/5/2020 13:21
Dill Pickle Food Co-op,60646,6/4/2020 15:00
Target,60647,6/5/2020 13:21
Moses Butcher Shop,60614,6/10/2020 0:00
Jewel - Osco,60629,6/10/2020 0:00
Mariano's Fresh Market,60628,6/10/2020 0:00
Happy Foods - Edgebrook,60608,6/4/2020 15:00
Target,60608,6/4/2020 15:00
Trader Joe's,60629,6/4/2020 15:00
Ogies Food,60657,6/4/2020 15:00
Walmart,60611,6/5/2020 13:21
Walmart,60638,6/3/2020 17:00
Cermak Produce,60647,6/4/2020 15:00
Cermak Produce,60649,6/5/2020 13:21
Pete's Fresh Market,60643,6/5/2020 13:21
Whole Foods Market,60611,6/10/2020 0:00
Target,60644,6/4/2020 15:00
Jewel - Osco,60623,6/4/2020 15:00
Foodsmart,60613,6/4/2020 15:00
Target,60634,6/3/2020 17:00
Save A Lot,60647,6/3/2020 21:30
Aldi,60707,6/5/2020 13:21
Trader Joe's,60617,6/5/2020 13:21
Leamington Foods,60629,6/5/2020 13:21
Cermak Produce,60614,6/10/2020 0:00
Whole Foods Market,60616,6/5/2020 13:21
Jewel - Osco,60640,6/4/2020 15:00
Carniceria Jimenez,60620,6/5/2020 13:21
Target,60660,6/4/2020 15:00
Aldi,60647,6/10/2020 0:00
Costco,60647,6/10/2020 0:00
Target,60632,6/3/2020 17:00
Walmart,60613,6/10/2020 0:00
Mariano's Fresh Market,60614,6/10/2020 0:00
Aldi,60616,6/10/2020 0:00
Aldi,60610,6/10/2020 0:00
Whole Foods Market,60618,6/3/2020 17:00
Armitage Produce,60617,6/10/2020 0:00
Que Rico Supermercado,60617,6/10/2020 0:00
Jewel - Osco,60608,6/10/2020 0:00
Clarendon Food Mart,60639,6/4/2020 15:00
Trader Joe's,60654,6/3/2020 17:00
J Freshmart,60656,6/3/2020 17:00
Plum Market,60640,6/10/2020 0:00
Jewel - Osco,60605,6/3/2020 17:00
First Choice Market,60647,6/4/2020 15:00
La Feria Grocery,60615,6/10/2020 0:00
Target,60613,6/3/2020 17:00
Tony's Finer Foods,60605,6/10/2020 0:00
Jewel - Osco,60614,6/3/2020 17:00
Jewel - Osco,60630,6/3/2020 17:00
Tai Nam Food Market,60630,6/3/2020 17:00
Jewel - Osco,60626,6/3/2020 17:00
Tony's Finer Foods,60651,6/4/2020 15:00
Trader Joe's,60631,6/4/2020 15:00
Jewel - Osco,60655,6/3/2020 17:00
Trader Joe's,60634,6/4/2020 15:00
Jewel - Osco,60644,6/4/2020 15:00
Jewel - Osco,60637,6/10/2020 0:00
Jewel - Osco,60657,6/10/2020 0:00
Jewel - Osco,60608,6/4/2020 15:00
Market Fresh Finer Foods,60651,6/4/2020 15:00
Happy Foods - Edison Park,60610,6/4/2020 15:00
Jewel - Osco,60616,6/3/2020 17:00
Aldi,60630,6/10/2020 0:00
Aldi,60659,6/10/2020 0:00
Woodlawn Super Fair LLC,60618,6/3/2020 17:00
Target,60647,6/4/2020 15:00
Aldi,60620,6/4/2020 15:00
Aldi,60607,6/4/2020 15:00
Potash Markets,60614,6/4/2020 15:00
Jewel - Osco,60629,6/4/2020 15:00
Seafood City Supermarket,60601,
Target,60638,6/10/2020 0:00
Jewel - Osco,60620,6/4/2020 15:00
Walmart,60638,6/4/2020 15:00
Cermak Produce,60647,6/10/2020 0:00
Pete's Produce,60621,6/5/2020 13:21
Whole Foods Market,60653,6/4/2020 15:00
Aldi,60617,6/3/2020 17:00
Carniceria La Hacienda,60609,6/5/2020 13:21
Bockwinkel's at Park Millenium,60614,6/10/2020 0:00
Walmart,60624,6/5/2020 13:21
Aldi,60610,6/4/2020 15:00
Shop & Save Market,60622,6/5/2020 13:21
Cermak Produce,60632,6/10/2020 0:00
Aldi,60632,6/4/2020 15:00
One Stop Foods,60827,6/4/2020 15:00
Jewel - Osco,60637,6/3/2020 17:00
Fairplay Neighborhood Market,60629,6/10/2020 0:00
Whole Foods Market,60656,6/3/2020 17:00
Save A Lot,60628,6/4/2020 15:00
Potash Markets,60618,6/3/2020 17:00
Mariano's Fresh Market,60647,6/3/2020 21:30
Carniceria La Hacienda,60623,6/4/2020 15:00
Aldi,60641,6/3/2020 21:30
Aldi,60654,6/4/2020 15:00
Jewel - Osco,60609,6/3/2020 17:00
Rio Valley Market,60614,6/4/2020 15:00
Johnny's Foods,60608,6/3/2020 17:00
Jewel - Osco,60632,6/4/2020 15:00
Save A Lot,60638,6/10/2020 0:00
Jewel - Osco,60647,6/10/2020 0:00
Carniceria Jimenez,60614,
Food Market La Chicquita,60639,6/10/2020 0:00
Carniceria Jimenez,60617,6/5/2020 13:21
Whole Foods Market,60601,6/5/2020 13:21
Jewel - Osco,60652,6/4/2020 15:00
Aldi,60634,6/10/2020 0:00
Jewel - Osco,60657,6/3/2020 17:00
Aldi,60616,6/10/2020 0:00
Aldi,60659,6/4/2020 15:00
Fresh Thyme Farmers Market,60638,6/4/2020 15:00
Big Apple Finer Foods,60634,6/10/2020 0:00
Centro Fresh Market,60625,6/10/2020 0:00
Save A Lot,,
Mariano's Lakeshore East,,
Aldi,,
Montrose Food Mart & Deli,,
Jewel - Osco,,
Fat Lee Supermarket,,
Aldi,,
Fair Share Finer Foods,,
Avenue Food Mart,,
Lindo Michoacan,,
